# freq_Hz,s21_mag
freq_Hz,s21_mag
3.000000000000e+09,0.000000000000e+00
3.750000000000e+09,0.000000000000e+00
4.500000000000e+09,0.000000000000e+00
5.250000000000e+09,0.000000000000e+00
6.000000000000e+09,0.000000000000e+00
